{"cameraMode":{"drawMode":0,"name":"Shaded","section":"Shading Mode"},"sceneLighting":true,"audioPlay":false,"sceneViewState":{"showFog":true,"showMaterialUpdate":false,"showSkybox":true,"showFlares":true,"showImageEffects":true,"showParticleSystems":true},"in2DMode":false,"pivot":{"x":-1.8682947158813477,"y":3.216182231903076,"z":2.337629795074463},"rotation":{"x":-0.23924314975738526,"y":0.041345566511154178,"z":-0.010197194293141365,"w":-0.9700273871421814},"size":17.53055191040039,"orthographic":false}